prediction,% mujeres
1,0.30650149419695594
2,0.3843485883619664
0,0.5572662959772365
3,0.4633585676112144
