prediction,% mujeres
0,0.5522867546419441
1,0.46498772575837277
2,0.3111794973610629
3,0.3628624634211226
